"",F.Model,R2,pval,p.adj
PD vs PR,24.516,0.59051,0.001,0.0015
PD vs SD,29.486,0.40125,0.001,0.0015
PR vs SD,7.234,0.1201,0.003,0.003
