Row.names,Overall,features
Feature1,4.39282389919485,586.52_778.6895m/z
Feature2,3.71288827959729,648.0_957.7928m/z
Feature3,3.5801385056591,556.4_636.6657m/z
Feature4,5.35513132127937,508.61_706.6809m/z
Feature5,3.72475457599839,326.44_935.5657m/z
Feature6,6.94253008493767,409.6_816.6295m/z
