"",Rank Freq.,Importance,PR,SD
409.6_816.6295m/z,1,2.03470020491433,Low,High
409.6_815.6281m/z,0.94,0.913016832121277,High,Low
PC(18:0/20:3),0.7,0.288901481417294,Low,High
409.6_812.6178m/z,0.28,0.170819393465888,Low,High
409.6_814.6245m/z,0.08,0.127950119819456,Low,High
