"","t.stat","p.value","-log10(p)","FDR"
"409.6_816.6295m/z",-4.6864,1.9812e-05,4.7031,0.083562
"409.6_814.6245m/z",-4.4457,4.5089e-05,4.3459,0.083562
"409.6_813.6214m/z",-4.4226,4.8755e-05,4.312,0.083562
"PC(18:0/20:3)",-4.4081,5.1203e-05,4.2907,0.083562
"409.6_812.6178m/z",-4.4075,5.1315e-05,4.2898,0.083562
"409.6_815.6281m/z",-4.3923,5.4004e-05,4.2676,0.083562
