"",Rank Freq.,Importance,PD,PR
508.61_706.6809m/z,0.96,1.19430233135938,Low,High
111.99_583.3254m/z,0.92,1.16532365138085,Low,High
81.87_414.2163m/z,0.12,0.877773551074307,High,Low
