"","t.stat","p.value","-log10(p)","FDR"
"508.61_706.6809m/z",-7.8224,4.9479e-07,6.3056,0.0045907
"81.87_414.2163m/z",5.4216,4.581e-05,4.339,0.13782
"111.99_583.3254m/z",-5.3022,5.8515e-05,4.2327,0.13782
"81.65_445.1985m/z",5.2948,5.9417e-05,4.2261,0.13782
