"",Rank Freq.,Importance,PD,SD
556.4_636.6657m/z,1,2.17776277104887,Low,High
527.09_635.6516m/z,1,1.56243226964915,Low,High
326.44_935.5657m/z,1,1.51815334793674,Low,High
